{"psnr": 6.81415982354064, "ssim": 0, "mse": 0.20824922621250153}