{"psnr": 23.819739493678547, "ssim": 0.42533373832702637, "mse": 0.004149783402681351}