{"psnr": 22.83874075620005, "ssim": 0.5870786309242249, "mse": 0.005201457999646664}