{"psnr": 35.14455766706517, "ssim": 0.9592426419258118, "mse": 0.00030587459332309663}