{"psnr": 9.541081170888262, "ssim": 0, "mse": 0.11114528775215149}