{"psnr": 27.101936174227035, "ssim": 0.6344045400619507, "mse": 0.0019489722599261273}