{"psnr": 27.394248722458507, "ssim": 0.6055496335029602, "mse": 0.001822109208492624}