{"psnr": 20.89368462185861, "ssim": 0.36801159381866455, "mse": 0.008140133693814278}