{"psnr": 23.923785439291905, "ssim": 0.4320048391819, "mse": 0.004051546566188335}