{"psnr": 20.917268930059812, "ssim": 0.3709658980369568, "mse": 0.00809604860842228}