{"psnr": 21.002585178163354, "ssim": 0.3720719814300537, "mse": 0.00793855544179678}