{"psnr": 43.783323021691544, "ssim": 0.9982436895370483, "mse": 4.18473246099893e-05}