{"psnr": 31.629178283423435, "ssim": 0.8029718399047852, "mse": 0.0006871972218263769}