{"psnr": 30.907815845700497, "ssim": 0.8026485443115234, "mse": 0.0008113675582153981}