{"psnr": 34.14359784784516, "ssim": 0.6438415050506592, "mse": 0.00038515841147997816}