{"psnr": 36.25701751832129, "ssim": 0.9317967295646667, "mse": 0.0002367540515699675}