{"psnr": 29.672026163212827, "ssim": 0.6110748648643494, "mse": 0.0010784414094380254}