{"psnr": -30.61424728442563, "ssim": 3.6096102121518925e-05, "mse": 1151.9263916015625}