{"psnr": 18.99188679269288, "ssim": 0.2285306304693222, "mse": 0.012612794525921345}