{"psnr": 26.713549653264998, "ssim": 0.5900099873542786, "mse": 0.0021312986500561237}