{"psnr": 30.719846970308716, "ssim": 0.804288387298584, "mse": 0.0008472557528875768}