{"psnr": 22.183059601842142, "ssim": 0.3372735381126404, "mse": 0.006049136973445483}