{"psnr": 24.221008187974398, "ssim": 0.44416505098342896, "mse": 0.003783542005505453}