{"psnr": 20.75483775311783, "ssim": 0.3659183382987976, "mse": 0.008404584049680605}