{"psnr": 24.09256748621143, "ssim": 0.4958665668964386, "mse": 0.003897109692519756}