{"psnr": 13.30928522535519, "ssim": 0.08318650722503662, "mse": 0.04667353005815035}