{"psnr": 13.729213867466058, "ssim": 0.098868727684021, "mse": 0.0423718849992811}