{"psnr": 12.30206493117768, "ssim": 0.08573461323976517, "mse": 0.058856262300893004}