{"psnr": 13.969088976807356, "ssim": 0, "mse": 0.040095005184412}