{"psnr": 25.17071559625416, "ssim": 0.8882222771644592, "mse": 0.003040378214791417}